annex,ref_no,colour_index,inci_name,cas,ec,chemical_name,pages
III,8a,,p-Phenylenediamine; p-Phenylenediamine HCl; p-Phenylenediamine Sulphate,"106-50-3, 624-18-0, 16245-77-5","203-404-7, 210-834-9, 240-357-1","p-Phenylenediamine
and its salts","144,145,146"
III,8b,,p-Phenylenediamine; p-Phenylenediamine HCl; p-Phenylenediamine Sulphate,"106-50-3, 624-18-0, 16245-77-5","203-404-7, 210-834-9, 240-357-1","p-Phenylenediamine
and its salts","146,147"
III,8c,,N N′-Bis(2- Hydroxyethyl)- 2-Nitro-p- Phenylenediamine,84041-77-0,281-856-4,"Ethanol, 2,2′-[(2-
nitro-1,4-phenylene)
diimino]bis-(9CI)","147,148"
III,24,,Zinc Acetate Zinc Chloride Zinc Gluconate Zinc Glutamate Zinc Citrate Zinc Sulphate,"557-34-6, 5970-45-6, 7646-85-7, 4468-02-4, 1949-15-1, 546-46-3, 7733-02-0, 7446-19-7, 7446-20-0","209-170-2, 231-592-0, 224-736-9, 208-901-2, 231-793-3","Water-soluble zinc
salts with the
exception of zinc 4-
hydroxy-benzene
sulphonate (entry 25
of Annex III) (46)",162
III,26,,Ammonium Monofluorophosphate,"20859-38-5, 66115-19-3",— / —,Ammonium monofluorophosphate,163
III,65,,Benzalkonium bromide Benzalkonium chloride Benzalkonium saccharinate,"91080-29-4, 63449-41-2, 68391-01-5, 68424-85-1, 85409-22-9, 68989-01-5","293-522-5, 264-151-6, 269-919-4, 270-325-2, 287-089-1, 273-545-7","Benzalkonium
chloride, bromide
and saccharinate (8)",183
III,112,,Pinus Palustris Leaf Extract; Pinus Palustris Oil Pinus Palustris Twig Leaf Extract Pinus Palustris Twig Leaf Oil,"97435-14-8, 8002-09-3",306-895-7,"Pinus palustris oil
and extract",206
III,122,,Cedrus Atlantica Bark Extract; Cedrus Atlantica Bark Oil; Cedrus Atlantica Bark Water; Cedrus Atlantica Leaf Extract; Cedrus Atlantica Wood Extract; Cedrus Atlantica Wood Oil,"92201-55-3, 8023-85-6",295-985-9,"Cedrus atlantica oil
and extract (38)",209
III,157,,Alpha- Damascone; cis-Rose ket- one 1 trans-Rose ketone 1 Rose ketone 4 (Damascenone) Rose ketone 3 (delta- Damascone) trans-Rose ketone 3 cis-Rose ketone 2 (cis-beta- Damascone) trans-Rose ketone 2 (trans-beta- Damascone),"43052-87-5, 23726-94-5, 24720-09-0, 23696-85-7, 57378-68-4, 71048-82-3, 23726-92-3, 23726-91-2","245-845-8, 246-430-4, 245-833-2, 260-709-8, 275-156-8, 245-843-7, 245-842-1","1-(2,6,6-trimethyl-2-
cyclohexen-1-yl)-2-
buten-1-one (16) (38)
1-(2,6,6-Trimethyl
cyclohexa-1,3-dien-
1-yl)-2-buten-1-
one (16) (38)
1-(2,6,6-Trimethyl-
3-cyclohexen-1-yl)-
2-buten-1-
one (16) (38)
(Z)-1-(2,6,6-
trimethyl-1-cyclo
hexen-1-yl)-2-buten-
1-one (16) (38)
(E)-1-(2,6,6-
Trimethyl-1-cyclo
hexen-1-yl)-2-buten-
1-one (16) (38)","218,219"
III,196,,Lippia citriodora absolute,"8024-12-2, 85116-63-8",285-515-0,"Verbena
absolute (38) (39)",228
III,198,,N N-bis(2- Hydroxyethyl)- p-Phenylenediamine Sulfate,54381-16-7,259-134-5,"2,2'-[(4-Aminophenyl)imino]bis(ethanol) sulphate",229
III,204,,Dihydroxy indoline Dihydroxy indoline HBr,"29539-03-5, 138937-28-7",421-170-6,"2,3-Dihydro-1H-
indole-5,6-diol and
its hydrobromide
salt (17)",236
III,217,,m-Aminophenol m-Aminophenol HCl m-Aminophenol sulfate,"591-27-5, 51-81-0, 68239-81-6, 38171-54-9","209-711-2, 200-125-2, 269-475-1","m-Aminophenol and
its salts","250,251,252"
III,223,,p-Methylaminophenol p-Methylaminophenol sulphate,"150-75-4, 55-55-0, 1936-57-8","205-768-2, 200-237-1, 217-706-1","p-Methylaminophenol and its
sulphate","256,257"
III,224,,HC Violet No 2,104226-19-9,410-910-3,"1-Propanol, 3-[[4-
[bis(2-hydroxyethyl)
amino]-2-nitrophenyl]amino] (17)",257
III,226,,"1,3-bis-(2,4- Diaminophenoxy) propane 1,3-bis-(2,4- Diaminophenoxy) propane HCl","81892-72-0, 74918-21-1","279-845-4, 278-022-7","4,4′-[1,3-Propanediylbis(oxy)]
bisbenzene-1,3-
diamine and its
tetrahydrochloride
salt (17)","258,259"
III,227,,"3-Amino-2,4- dichlorophenol 3-Amino-2,4- dichlorophenol HCl","61693-42-3, 61693-43-4",262-909-0,"3-Amino-2,4-dichlorophenol and its
hydrochloride","259,260"
III,232,,"2,6-Dimethoxy- 3,5-pyridinediamine 2,6-Dimethoxy- 3,5-pyridinediamine HCl","56216-28-5, 85679-78-3",260-062-1,"2,6-Dimethoxy-3,5-
pyridinediamine and
its hydrochloride","264,265"
III,237,,HC Red No 13,"29705-39-3, 94158-13-1",303-083-4,"2,2′-[(4-Amino-3-
nitrophenyl)imino]
bisethanol and its
hydrochloride",268
III,239,,Hydroxypropyl bis(N-hydroxyethyl-p- phenylenediamine) HCl,"128729-30-6, 128729-28-2",416-320-2,"Hydroxypropyl bis
(N-hydroxyethyl-p-
phenylenediamine)
and its tetrahydro-
chloride",270
III,245,,2-Amino-4- Hydroxyethylaminoanisole 2-Amino-4- Hydroxyethylaminoanisole sulfate,"83763-47-7, 83763-48-8","280-733-2, 280-734-8","2-[(3amino-4-
methoxyphenyl)
amino]ethanol and
its sulphate","281,282,283"
III,250,,HC Red No 10 + HC Red No 11,"95576-89-9, 95576-92-4",,"1-Amino-2-nitro-4-
(2’,3’-dihydroxypropyl)amino-5-
chlorobenzene +
1,4-bis-(2’,3’-dihydroxypropyl)amino-
2-nitro-5-chlorobenzene",288
III,271,,"Disperse Blue 377 is a mixture of three dyes: (1) 1,4-bis[(2- hydroxyethyl) amino] anthra- 9,10- quinone (2) 1-[(2- hydroxyethyl) amino]-4- [(3- hydroxypropyl) amino] anthra- 9,10- quinone (3) 1,4-bis[(3- hydroxypropyl) amino] anthra- 9,10- quinone","4471-41-4, 67674-26-4, 67701-36-4","224-743-7, 266-865-3, 266-954-7","Mixture of (1), (2)
& (3) in dispersing
agent (lignosulphate):
(1) 9,10-Anthracenedione-1,4-
bis[(2-Hydroxyethyl)amino]
(2) 9,10-Anthracenedione-1-[(2-
Hydroxyethyl)
amino]-4-[(3-
Hydroxypropyl)
amino]
(3) 9,10-anthracenedione-1,4-bis
[(3-hydroxypropyl)amino",301
III,283,,5-Amino-6- Chloro-o- Cresol 5-Amino-6- Chloro-o- Cresol HCl,"84540-50-1, 80419-48-3",283-144-9,"3-amino-2-chlor-6-
methylphenol
3-amino-4-chloro-6-
methylphenol HCl","313,314"
III,299,,HC Yellow No 17,1450801-55-4,,"Di[2-[4-[(E)-2-
[2,4,5-trimethoxyphenyl]vinyl]
pyridinin-1-ium]
butanoyl]
aminoethyl]
disulfanyl dichloride","329,330"
III,300,,"1-Hexyl 4,5- Diamino Pyrazole Sulfate",1361000-03-4,,"1H-Pyrazole-4,5-
diamine, 1-hexyl-,
sulfate (2:1)","330,331"
III,302,,Hydroxyethoxy Aminopyrazo lopyridine HCl,1079221-49-0,695-745-7,"2-[(3-Aminopyrazolo[1,5-a]pyridin-
2-yl)oxy]ethanol
hydrochloride","332,333"
III,306,,Arachis Hypogaea Oil Arachis Hypogaea Seedcoat Extract Arachis Hypogaea Flour Arachis Hypogaea Fruit Extract Arachis Hypogaea Sprout Extract Hydrogenated Peanut Oil Peanut Acid Peanut Glycerides Peanut Oil PEG-6 Esters Peanutamide MEA Peanutamide MIPA Potassium Peanutate Sodium Peanutamphoacetate Sodium Peanutate Sulfated Peanut Oil,"8002-03-7, 8002-03-7, 8002-03-7, 8002-03-7, 68425-36-5, 91051-35-3, 91744-77-3, 68440-49-3, 93572-05-5, 61789-56-8, 61789-57-9, 73138-79-1","232-296-4, 232-296-4, 232-296-4, 232-296-4, 270-350-9, 293-087-1, 294-643-6, 297-433-2, 263-069-8, 263-070-3, 277-298-6","Peanut oil, extracts
and derivatives","335,336"
III,307,,Hydrolyzed Wheat Protein,"94350-06-8, 222400-28-4, 70084-87-6, 100209-50-5","305-225-0, 309-358-5","Hydrolyzed wheat
protein",336
III,308,,Tagetes minuta flower extract Tagetes minuta flower oil,"91770-75-1, 91770-75-1, 8016-84-0","294-862-7, 294-862-7","Tagetes minuta
flower extract (24)
Tagetes minuta
flower oil (25)",336
III,309,,Tagetes patula flower extract Tagetes patula flower oil,"91722-29-1, 91722-29-1, 8016-84-0","294-431-3, 294-431-3","Tagetes patula
flower extract (26)
Tagetes patula
flower oil (27)",337
III,317,,HC Orange No 6,1449653-83-1,,"Di-[2-[(E)-2-[4-[bis
(2-hydroxyethyl)
aminophenyl]vinyl]
pyridin-1-ium]-
ethyl]disulphide
dimethanesulfonate",340
III,321,,Titanium Dioxide,"13463-67-7, 1317-70-0, 1317-80-2","236-675-5, 215-280-1, 215-282-2","Titanium dioxide in
powder form
containing 1 % or
more of particles
with aerodynamic
diameter ≤ 10 μm",341
III,344,,Tetramethyl acetyloctahydronaphthalenes,"54464-57-2, 54464-59-4, 68155-66-8, 68155-67-9","259-174-3, 259-175-9, 268-978-3, 268-979-9","1-(1,2,3,4,5,6,7,8-
octahydro-2,3,8,8-
tetramethyl-2-naph-
thyl)ethan-1-one; 1-
(1,2,3,4,5,6,7,8-
octahydro-2,3,5,5-
tetramethyl-2-
naphthyl)ethan-1-
one; 1-
(1,2,3,5,6,7,8,8a-
octahydro-2,3,8,8-
tetramethyl-2-
naphthyl)ethan-1-
one; 1-
(1,2,3,4,6,7,8,8a-
octahydro-2,3,8,8-
tetramethyl-2-
naphthyl)ethan-1-
one (40)",354
III,347,,Cananga Odorata Flower Extract; Cananga Odorata Flower Oil,"83863-30-3, 8006-81-3, 68606-83-7, 93686-30-7","281-092-1, 297-681-1","Cananga odorata
flower oil and
extract; Ylang
Ylang flower oil
and extract (40)",356
III,349,,Cinnamomum Zeylanicum Bark Oil,"8015-91-6, 84649-98-9",283-479-0,"Cinnamomum
zeylanicum bark
oil (40)",357
III,350,,Citrus Aurantium Amara Flower Oil Citrus Aurantium Dulcis Flower Oil,"72968-50-4, 8028-48-6, 8016-38-4","277-143-2, 232-433-8","Citrus aurantium
amara and dulcis
flower oil (40)",357
III,351,,Citrus Aurantium Amara Peel Oil Citrus Aurantium Dulcis Peel Oil; Citrus Sinensis Peel Oil,"68916-04-1, 72968-50-4, 97766-30-8, 8028-48-6, 8008-57-9","277-143-2, 307-891-8, 232-433-8","Citrus aurantium
amara and dulcis
peel oil (40)",358
III,352,,Citrus Aurantium Bergamia Peel Oil,"8007-75-8, 89957-91-5, 68648-33-9, 8007-75-8, 85049-52-1","616-915-9, 289-612-9, 616-915-9","Citrus aurantium
bergamia oil
(Bergamot oil) (40)",358
III,354,,Cymbopogon Schoenanthus Oil Cymbopogon Flexuosus Oil Cymbopogon Citratus Leaf Oil,"8007-02-1, 89998-16-3, 91844-92-7, 8007-02-1, 91844-92-7","289-754-1, 295-161-9, 295-161-9, 295-161-9","Cymbopogon
citratus / schoenanthus/flexuosus
oils (40)",359
III,355,,Eucalyptus Globulus Leaf Oil; Eucalyptus Globulus Leaf/ Twig Oil,"97926-40-4, 8000-48-4, 8000-48-4","308-257-3, 616-775-9, 616-775-9","Eucalyptus globulus
oil (40)",360
III,356,,Eugenia Caryophyllus Leaf Oil Eugenia Caryophyllus Flower Oil Eugenia Caryophyllus Stem oil Eugenia Caryophyllus Bud oil,"8000-34-8, 8015-97-2, 84961-50-2, 84961-50-2, 84961-50-2, 84961-50-2","616-772-2, 284-638-7, 284-638-7, 284-638-7, 284-638-7",Eugenia caryophyllus oil (40),360
III,357,,Jasminum Grandiflorum Flower Extract; Jasminum Officinale Oil; Jasminum Officinale Flower Extract,"84776-64-7, 90045-94-6, 8022-96-6, 8024-43-9, 90045-94-6","283-993-5, 289-960-1, 289-960-1","Jasminum grandiflorum / officinale
oil and extract (40)",361
III,358,,Juniperus Virginiana Oil; Juniperus Virginiana Wood Oil,"8000-27-9, 85085-41-2",285-370-3,"Juniperus virginiana
oil (40)",361
III,360,,Lavandula Hybrida Oil; Lavandula Hybrida Extract; Lavandula Hybrida Flower Extract; Lavandula Intermedia Flower/Leaf/ Stem Extract; Lavandula Intermedia Flower/Leaf/ Stem Oil; Lavandula Intermedia Oil Lavandula Angustifolia Oil; Lavandula Angustifolia Flower/Leaf/ Stem Extract,"91722-69-9, 8022-15-9, 93455-96-0, 93455-97-1, 92623-76-2, 84776-65-8, 8000-28-0, 90063-37-9, 84776-65-8, 8000-28-0, 90063-37-9","294-470-6, 296-408-3, 283-994-0, 289-995-2, 283-994-0, 289-995-2","Lavandula hybrida
oil/extract;
Lavandula
intermedia oil/
extract;
Lavandula angustifolia oil/extract (40)","362,363"
III,363,,Narcissus Poeticus Extract Narcissus Pseudonarcissus Flower Extract Narcissus Jonquilla Extract Narcissus Tazetta Extract,"90064-26-9, 68917-12-4, 90064-27-0, 90064-25-8","290-087-3, 290-088-9, 290-086-8","Narcissus poeticus/
pseudonarcissus/
jonquilla/tazetta
extract (40)",364
III,364,,Pelargonium Graveolens Oil Pelargonium Graveolens Flower Oil Pelargonium Graveolens Leaf Oil,"90082-51-2, 8000-46-2",290-140-0,"Pelargonium
graveolens oil (40)","364,365"
III,365,,Pogostemon Cablin Oil Pogostemon Cablin Leaf Oil,"8014-09-3, 84238-39-1",282-493-4,"Pogostemon cablin
oil (40)",365
III,366,,Rosa Damascena Flower Oil; Rosa Damascena Flower Extract Rosa Alba Flower Oil; Rosa Alba Flower Extract Rosa Canina Flower Oil Rosa Centifolia Flower Oil; Rosa Centifolia Flower Extract Rosa Gallica Flower Oil Rosa Moschata Flower Oil Rosa Rugosa Flower Oil,"8007-01-0, 90106-38-0, 93334-48-6, 84696-47-9, 84604-12-6, 84604-13-7, 92347-25-6","290-260-3, 297-122-1, 283-652-0, 283-289-8, 283-290-3, 296-213-3","Rosa damascena
flower oil/extract;
Rosa alba flower
oil/extract;
Rosa canina flower
oil;
Rosa centifolia oil/
extract;
Rosa gallica flower
oil;
Rosa moschata
flower oil;
Rosa rugosa flower
oil (40)","365,366"
III,376,,Retinol Retinyl Acetate Retinyl Palmitate,"11103-57-4, 68-26-8, 127-47-9, 79-81-2","234-328-2, 200-683-7, 204-844-2, 201-228-5","(2E,4E,6E,8E)-3,7-
dimethyl-9-(2,6,6-
trimethylcyclohexen-1-yl)nona-
2,4,6,8-tetraen-1-
ol (45)
[(2E,4E,6E,8E)-3,7-
dimethyl-9-(2,6,6-
trimethylcyclohexen-1-yl)nona-
2,4,6,8-tetraenyl]
acetate (45)
[(2E,4E,6E,8E)-3,7-
dimethyl-9-(2,6,6-
trimethylcyclohexen-1-yl)nona-
2,4,6,8-tetraenyl]
hexadecanoate (45)","370,371"
III,382,,Acetylated Vetiveria Zizanioides Root Extract; Acetylated Vetiveria Zizanioides Root Oil,"84082-84-8, 68917-34-0",282-031-1,"Vetiveria
zizanioides, ext.,
acetylated (46)
Oils, vetiver,
acetylated (46)",378
III,383,,HC Blue No 18,"1166834-57-6, 852356-91-3",-/-,"3-[(E)-(3-chloro-4-
hydroxyphenyl)
diazenyl]-2,l-benzisothiazole-5-
sulfonamide",379
III,385,,HC Yellow No 16,1184721-10-5,,"2-chloro-4-[(1E)-(1-
methyl-1H-pyrazol-
5-yl)diazenyl]-
phenol",381
IV,126a,77266 (nano),Carbon Black (nano),"1333-86-4, 7440-44-0","215-609-9, 231-153-3, 931-328-0, 931-334-3",Carbon black,"407,408"
IV,150,,Aluminum stearate Zinc stearate Magnesium stearate Calcium stearate,"7047-84-9, 557-05-1, 557-04-0","230-325-5, 209-151-9, 209-150-3, 216-472-8","Aluminium, zinc, magnesium
and calcium stearates",412
V,13,,Dehydroacetic acid sodium dehydroacetate,"520-45-6, 4418-26-2, 16807-48-0","208-293-9, 224-580-1","3-Acetyl-6-methylpyran-2,4 (3H)-dione
and its salts",418
V,18,,Undecylenic acid potassium undecylenate sodium undecylenate calcium undecylenate TEA-undecylenate MEA-undecylenate,"112-38-9, 6159-41-7, 3398-33-2, 1322-14-1, 84471-25-0, 56532-40-2","203-965-8, 222-264-8, 215-331-8, 282-908-9, 260-247-7","Undec-10-enoic acid
and its salts",419
V,28,,Polyaminopropyl biguanide,"32289-58-0, 27083-27-8, 28757-47-3, 133029-32-0","608-723-9, 608-042-7","Polyhexamethylene
biguanide hydrochloride",421
V,35,,"1-Hydroxy-4-methyl-6- (2,4,4-trimethylpentyl) 2-pyridon Piroctone Olamine","50650-76-5, 68890-66-4",272-574-2,"1-Hydroxy-4-methyl-
6-(2,4,4-trimethylpentyl) 2-pyridon and
its monoethanolamine
salt",422
V,47,,Hexamidine Hexamidine diisethionate Hexamidine paraben,"3811-75-4, 659-40-5, 93841-83-9","211-533-5, 299-055-3","Benzenecarboximidamide, 4,4'-(1,6-
hexanediylbis (oxy))
bis- and its salts
(including isethionate
and p-hydroxybenzoate)",424
V,54,,Benzalkonium chloride benzalkonium bromide benzalkonium saccharinate,"8001-54-5, 63449-41-2, 91080-29-4, 68989-01-5, 68424-85-1, 68391-01-5, 61789-71-7, 85409-22-9","264-151-6, 293-522-5, 273-545-7, 270-325-2, 269-919-4, 263-080-8, 287-089-1","Benzalkonium
chloride, bromide and
saccharinate (10)",425
VI,7,,Terephthalylidene Dicamphor Sulfonic Acid,"92761-26-7, 90457-82-2",410-960-6,"3,3'-(1,4-Phenylenedimethylene) bis(7, 7-
dimethyl-2-oxobicyclo-
[2.2.1]hept-1-yl-
methanesulfonic acid)
and its salts/Ecamsule",430
VI,22,,Benzophenone-4 Benzophenone-5,"4065-45-6, 6628-37-1",223-772-2,"2-Hydroxy-4-methoxybenzophenone-5-
sulfonic acid and its
sodium salt/Sulisobenzone",433
VI,27a,,Titanium Dioxide (nano),"13463-67-7, 1317-70-0, 1317-80-2","236-675-5, 215-280-1, 215-282-2",Titanium dioxide (2),"435,436"
